<?xml version="1.0" encoding="UTF-8"?>
<project-private xmlns="http://www.netbeans.org/ns/project-private/1">
    <editor-bookmarks xmlns="http://www.netbeans.org/ns/editor-bookmarks/2" lastBookmarkId="0"/>
    <open-files xmlns="http://www.netbeans.org/ns/projectui-open-files/2">
        <group>
            <file>file:/C:/Users/Admin/Documents/NetBeansProjects/GameKursach/src/classes/Entity_2.java</file>
            <file>file:/C:/Users/Admin/Documents/NetBeansProjects/GameKursach/src/main/Game.java</file>
            <file>file:/C:/Users/Admin/Documents/NetBeansProjects/GameKursach/src/main/Controller.java</file>
            <file>file:/C:/Users/Admin/Documents/NetBeansProjects/GameKursach/src/main/Menu.java</file>
            <file>file:/C:/Users/Admin/Documents/NetBeansProjects/GameKursach/src/main/BufferedImageLoader.java</file>
            <file>file:/C:/Users/Admin/Documents/NetBeansProjects/GameKursach/src/main/GameObject.java</file>
            <file>file:/C:/Users/Admin/Documents/NetBeansProjects/GameKursach/src/main/Player.java</file>
            <file>file:/C:/Users/Admin/Documents/NetBeansProjects/GameKursach/src/main/Enemy.java</file>
            <file>file:/C:/Users/Admin/Documents/NetBeansProjects/GameKursach/src/main/Bullet.java</file>
            <file>file:/C:/Users/Admin/Documents/NetBeansProjects/GameKursach/src/main/Textures.java</file>
            <file>file:/C:/Users/Admin/Documents/NetBeansProjects/GameKursach/src/main/SpriteSheet.java</file>
            <file>file:/C:/Users/Admin/Documents/NetBeansProjects/GameKursach/src/classes/Entity_1.java</file>
            <file>file:/C:/Users/Admin/Documents/NetBeansProjects/GameKursach/src/main/KeyInput.java</file>
            <file>file:/C:/Users/Admin/Documents/NetBeansProjects/GameKursach/src/main/MouseInput.java</file>
            <file>file:/C:/Users/Admin/Documents/NetBeansProjects/GameKursach/src/main/Physics.java</file>
        </group>
    </open-files>
</project-private>
